,content,send_at
0,oop,2023-12-18 10:05:26.074
1,😂😂,2023-12-18 10:11:57.341
2,??,2023-12-18 10:12:36.330
3,😂,2023-12-18 10:14:33.900
4,😂😂,2023-12-18 10:16:53.714
5,nxjsk,2023-12-18 10:16:57.065
6,1,2023-12-20 07:55:18.748
7,あのなにもしてないのにデータが初期化されたんですけどどうすればいいですか？,2023-12-22 00:53:16.078
8,iPhone15 Pro でプレイする際にヘッダーフッター共にUIが隠れているので画面の縮小をお願いいたします。インカメラの横1列は模様等に変更して下に少しズラすことは可能でしょうか。現状は待機画面はスタミナが隠れ、戦闘中はレベルアップのゲージが隠れています。ご検討をよろしくお願いいたします。,2023-12-22 03:44:45.738
9,SilentWhisp,2023-12-22 04:01:30.325
10,https://ds4vggi6uzqae.cloudfront.net/saas/chat/vg2BTE8dTEQGajoeeomOBovp5tocTf0b.jpg,2023-12-22 06:03:50.926
11,😁,2023-12-22 06:03:59.275
12,https://ds4vggi6uzqae.cloudfront.net/saas/chat/SvbTuKWOSPWiNmRhWf7uOvswPavaKuLY.mp4,2023-12-22 06:29:52.550
13,ボス戦突入時、フィールドが狭くなったちょうど端のダメージを受ける柵みたいなところにいると、その場を離れても永続ダメージを受けながらボスと戦うことになる。修正よろしくお願いします。,2023-12-22 06:38:41.034
14,😄,2023-12-22 06:47:26.826
15,ギフトカードの対応をお願いいたします。,2023-12-22 14:58:37.713
16,f53bdd2b-6cff-4694-b445-838791f7d6d5,2023-12-22 14:58:49.367
17,[code]StormHaven,2023-12-22 15:00:32.518
18,ギフトコード入力がないのですがどうすればいいですか？,2023-12-22 22:45:34.084
19,iPhoneからAndroidにデータ移行する事は可能ですか？,2023-12-23 15:31:13.763
20,シリアルコード入力ボタンがありません,2023-12-23 19:19:10.705
21,最初からやり直したい,2023-12-24 01:58:47.474
22,こんにちわ。画面レイアウトについてですが、&quot;挑戦&quot;と&quot;Xmasフェスティバル&quot;のアイコンが重なってしまい、Xmasフェスティバルがタップできません。,2023-12-25 03:22:28.360
23,iosでプレイしています。設定画面の所にシリアルコードを入力する項目がありません。対応お願いします。,2023-12-25 07:51:26.106
24,要望があります。データ連携としてFacebookやGoogleなどのアカウント連携をし、他のOS間や端末で進行の同期を行いたいです。昨日追加を要望します,2023-12-25 07:59:51.914
25,誤字をしました。先ほどのメッセージの末尾は機能追加を要望します。,2023-12-25 08:00:42.747
26,こんにちは。いつも楽しくプレイしています。キャンディのLVアップに必要な欠片はどうやって入手できますか？ランダムレジェンド欠片に表示されません。対応お願いします。,2023-12-25 09:08:20.390
27,StormHaven   CrystalTide   AbyssMist   MoneyMagic   CrimsonWings   AshenGale   Shadowfire   SilentWhisp   VerdantGaze   Emberfang   CrimsonSky   SilverFury  CelestialGaze　現在確認できるコードはこちらでした。よろしくお願いします。,2023-12-25 10:09:21.621
28,迅速な対応ありがとうございます！,2023-12-25 11:02:39.642
29,iOSの為引き換えコード変えて欲しいです。,2023-12-25 12:54:12.347
30,お返事ありがとうございます。良いクリスマスを🎄,2023-12-25 12:54:20.355
31,https://ds4vggi6uzqae.cloudfront.net/saas/chat/c7moSpvVkyFFxXi5wol6zpGbZmwqjAkg.jpg,2023-12-25 15:06:03.721
32,Shadowfire,2023-12-25 19:37:13.493
33,1cf79b22-fe29-47c6-b79d-9aa6c9d23ad9,2023-12-26 06:00:43.728
34,シリアルコード送ります,2023-12-26 06:01:09.259
35,CelestialGaze,2023-12-26 06:01:44.934
36,SilverFury,2023-12-26 06:02:15.452
37,CrimsonSky,2023-12-26 06:02:51.129
38,Emberfang,2023-12-26 06:03:22.230
39,VerdantGaze,2023-12-26 06:04:00.861
40,SilentWhisp,2023-12-26 06:04:30.016
41,Shadowfire,2023-12-26 06:05:05.769
42,AshenGale,2023-12-26 06:05:34.940
43,CrimsonWings,2023-12-26 06:06:10.866
44,MoneyMagic,2023-12-26 06:06:32.416
45,AbyssMist,2023-12-26 06:06:59.302
46,CrystalTide,2023-12-26 06:07:18.691
47,StormHaven,2023-12-26 06:07:45.155
48,よろしくお願いします。,2023-12-26 06:07:54.521
49,こんにちは！終末先鋒隊を楽しくプレイさせていただいてるのですが、iosを使っているんですけどシリアルコードを入力出来るところが無いのですがどうしたら良いでしょうか？,2023-12-26 07:00:22.298
50,シリアルコードの入力欄がありません,2023-12-26 11:53:15.459
51,シリアルコードはどこで入力するのですか？,2023-12-26 13:19:59.980
52,こんばんは。シリアルコードが打てません、解決策はありますでしょうか？,2023-12-26 13:20:43.597
53,データを消してください,2023-12-26 15:03:14.528
54,976acbb4-3b6c-4269-b652-1acbd75ef729,2023-12-26 15:03:24.948
55,"引き換えコードアイテムお願いします。 SL1+-ID e078ba08-ab63-425e-89bc-c07b6calc9c0 引き換えコード Shadowfire 源石：200 ]-ILE: 6666 SilentWhisp 源石：1,000 VerdantGazeゴールド：6666 Emberfang 金の鍵：2 上級宝箱（装備ガチャ） CrimsonSky 源石：300 SilverFury 源石：500 CelestialGaze 77=7 : 10 CrimsonWings #-)L #* : 20,000 MoneyMagic：ゴールド6666,源石*100 AbyssMist：召募カード *1 CrystalTide：源石+300 StormHaven：ゴールド +8888 よろしくお願いします。",2023-12-26 16:08:39.329
56,シリアルコード入れるとこがありません,2023-12-27 00:09:43.422
57,アカウントをやり直したいです。データ削除をお願いできませんか？,2023-12-27 04:05:03.501
58,I&#39;d like to restart my game account from the beginning.Could you please delete the game account that I am currently playing?,2023-12-27 04:14:07.842
59,シリアルコードの入力画面が表示されません。何処でしょうか。,2023-12-27 04:21:35.705
60,どうすればシリアルコードを入力できるのでしょうか。,2023-12-27 04:28:06.706
61,シリアルコード入力フォームがないです。,2023-12-27 06:26:47.283
62,https://ds4vggi6uzqae.cloudfront.net/saas/chat/nBVZxiULWDAymZ1Faqx5cUD0xro2uJ1A.png,2023-12-27 06:27:17.071
63,I&#39;ll wait for your reply.,2023-12-27 07:31:34.249
64,ありがとうございます。よろしくお願いいたします。,2023-12-27 10:58:49.141
65,CelestialGaze,2023-12-27 10:59:10.274
66,SilverFury,2023-12-27 10:59:22.025
67,CrimsonSky,2023-12-27 10:59:32.131
68,Emberfang,2023-12-27 10:59:42.786
69,VerdantGaze,2023-12-27 10:59:52.776
70,SilentWhisp,2023-12-27 11:00:02.397
71,Shadowfire,2023-12-27 11:00:11.765
72,AshenGale,2023-12-27 11:00:22.019
73,CrimsonWings,2023-12-27 11:00:32.525
74,MoneyMagic,2023-12-27 11:00:43.964
75,AbyssMist,2023-12-27 11:00:53.550
76,CrystalTide,2023-12-27 11:01:02.735
77,StormHaven,2023-12-27 11:01:13.008
78,以上、よろしくお願い致します。,2023-12-27 11:01:25.345
79,設定の欄にサインアウト、シリアルコードの欄がなく入力できないです,2023-12-27 11:35:55.820
80,iosからシリアルコード入力はどのようにすれば可能になりますか？,2023-12-27 12:07:46.761
81,I&#39;ll wait for your reply.,2023-12-27 13:19:43.385
82,シリアルコードの入力欄はどこにありますか？,2023-12-27 18:51:28.408
83,7日間チャレンジの表示されている項目全て達成しているのに、1500にとどかない。,2023-12-28 00:09:21.810
84,間違えてアンインストールしたらデータが消えてしまいました。,2023-12-28 02:14:49.512
85,復旧の方法はないですか？,2023-12-28 02:15:05.262
86,OK! Thank you for your support.,2023-12-28 03:37:48.968
87,Confirm!,2023-12-28 03:38:36.188
88,あ,2023-12-28 07:36:06.842
89,ご丁寧にありがとうございます。ではこちらにシリアルコードを入力させて頂きます。【Shadowfire】【SilentWhisp】【VerdantGaze】【Emberfang】【CrimsonSky】【SilverFury】【CelestialGaze】【CrimsonWings】こちらで全てです。よろしくお願いします。,2023-12-28 09:20:46.144
90,はじめまして！いつもお世話になります。iOSでプレイしております。データのやり直しをしたいのですが可能でしょうか？IDはc6944149-47fd-4be7-910b-c04211d214f1です。よろしくお願いします。,2023-12-28 16:11:57.077
91,シリアルコードはどこから入力するのですか？,2023-12-29 03:35:28.375
92,ではコードを送ります。「CelestialGaze」「SilverFury」「CrimsonSky」「Emberfang」「VerdantGaze」「SilentWhisp」「Shadowfire」「AshenGale」「CrimsonWings」「MoneyMagic」「AbyssMist」「CrystalTide」「StormHaven」こちらですが大丈夫でしょうか。,2023-12-29 03:41:43.336
93,ありがとうございます！よろしくお願いします,2023-12-29 04:34:48.057
94,こちらのシリアルコードも対応可能ですか？🎁 Code：SereneEcho,2023-12-29 06:54:08.924
95,54bff5b0-2cdc-45ea-a79a-889e27678817,2023-12-29 13:13:55.879
96,シリアルコードお願いします。,2023-12-29 13:14:30.783
97,Shadowfire、SilentWhisp 、erdantGaze 、 Emberfang 、CrimsonSky 源石300 SilverFury 、CelestialGaze 、CrimsonWings 、MoneyMagic 、AbyssMist 、CrystalTide,2023-12-29 13:16:25.706
98,SereneEcho,2023-12-30 02:48:40.289
99,StormHaven,2023-12-30 02:50:15.757
100,CrystalTide,2023-12-30 02:50:28.412
101,AbyssMist,2023-12-30 02:50:38.573
102,MoneyMagic,2023-12-30 02:50:45.799
103,CrimsonWings,2023-12-30 02:50:55.868
104,AshenGale,2023-12-30 02:51:05.875
105,Shadowfire,2023-12-30 02:51:17.439
106,VerdantGaze,2023-12-30 02:51:31.503
107,SilentWhisp,2023-12-30 02:51:39.962
108,Emberfang,2023-12-30 02:51:47.201
109,	CrimsonSky,2023-12-30 02:51:59.070
110,SilverFury,2023-12-30 02:52:06.167
111,CelestialGaze,2023-12-30 02:52:16.247
112,playerID 92306f91-40bd-4718-8ab6-e4a0559a88de,2023-12-30 02:52:38.207
113,よろしくお願いいたします,2023-12-30 02:52:42.721
114,"Please adjust the game balance.The rush of a &quot;Giant blind snake(巨尾の盲蛇)&quot; is absolutely inevitable. Also, the disadvantage of the daily challenge, &quot;exhaustion of strength,&quot; is too harsh, so please delete it.",2023-12-30 09:31:50.539
115,I think &quot;Exhausted of strength(力尽きる)&quot; has the same meaning as Sudden Death.,2023-12-30 09:33:43.900
116,シリアルコードが設定画面に表示されないんですけどどうすれば良いですか？,2023-12-30 09:36:26.476
117,データを消したいときはどうすれば良いですか？,2023-12-30 10:16:23.625
118,iPhone14プロを使用していますが、画面上部の⚡️雷マークの所が切れていて、見えないです。,2023-12-30 10:51:51.819
119,シリアルコード入力箇所がありません,2023-12-30 13:41:42.287
120,SereneEcho,2023-12-30 14:42:32.468
121,お世話になっております。昨日ディスコードにIDとシリアルコードを入力したのですが反映されないようです。ID：336bb6de-b925-4558-8dc9-c76dc448e452　です。よろしくお願い致します。,2023-12-31 05:08:58.841
122,836ea15f-70a2-4c8c-ad32-822e3046d5ef  SereneEcho      StormHaven  CrystalTide      AbyssMist      MoneyMagic  CrimsonWings      CelestialGaze  CrimsonSky      Emberfang      お願いします,2023-12-31 09:37:32.951
123,今回分の征服シーズン3000円購入しましたが、Sピース80個送られてきただけでパスがありません。前回分も買っています,2023-12-31 23:58:14.785
124,bb206576-a1d7-4075-8fc0-4d5e28cf9dcf　サインインしましたという表示が出てフリーズしてしまいます。課金しているのでどうにかしてください。,2024-01-01 05:44:09.278
125,デイリーサインインの画面でフリーズします。,2024-01-01 06:02:56.382
126,デイリーの報酬が受け取れません。サインインの報酬タップしようとしても『サインインしました』しか出ず受け取れません,2024-01-01 11:12:49.726
127,サインインしました、の文字が延々でて先に進まない,2024-01-01 11:13:54.033
128,クエスト押したあと、サインインしましたしかでなくなりました。,2024-01-01 13:08:34.084
129,報酬とかもらえなくなりました。,2024-01-01 13:09:06.036
130,サインインしましたと表示が出て動きません,2024-01-01 19:39:25.812
131,https://ds4vggi6uzqae.cloudfront.net/saas/chat/953sKdcpKgWFwhis9aI5Blgojzi7Q6hK.png,2024-01-01 19:40:43.306
132,https://ds4vggi6uzqae.cloudfront.net/saas/chat/DJq3yy9tFlpHLgF0ptxqRq8RLXVHrKX1.png,2024-01-01 20:31:14.082
133,サインインが出来ない,2024-01-01 21:51:13.546
134,サインインが出来ない　再インストール後も変化無し　クエストの報酬が受け取れない,2024-01-01 21:52:24.717
135,ギフトコード,2024-01-01 22:42:23.927
136,ギフトコード,2024-01-02 03:48:06.404
137,ギフトコード,2024-01-02 03:48:40.044
138,昨日からゲームプレイ楽しませて頂いているものです。iOSだとシリアルコードを打てる場所が出ないそうなので、こちらに連絡すれば良いとの事だったのでご連絡しました。ご対応のほど宜しくお願い致します。,2024-01-02 06:28:22.264
139,IDは,2024-01-02 06:28:38.438
140,c5566c42-2bf6-48fe-bbc2-664f20c17342,2024-01-02 06:28:42.074
141,です。宜しくお願い致します。,2024-01-02 06:28:56.013
142,テスト,2024-01-02 06:46:51.004
143,アンケートに回答しました,2024-01-02 06:47:07.853
144,https://ds4vggi6uzqae.cloudfront.net/saas/chat/8rs9HvnwVznLlp7LUoq2PF25bRNLp7UR.png,2024-01-02 06:47:22.304
145,7c5dcc02-1c50-44c4-a6c3-8d4030fef5fd,2024-01-02 06:47:23.405
146,https://ds4vggi6uzqae.cloudfront.net/saas/chat/JLsn2GNqCP0njv5CSGMTSIOEzxadNnjt.png,2024-01-02 07:11:35.179
147,Happynewyear2024,2024-01-02 07:11:47.379
148,https://ds4vggi6uzqae.cloudfront.net/saas/chat/nZLlg1yP7DCoKmWAqiXDHgGhREAt8aPg.png,2024-01-02 07:11:54.762
149,SereneEcho,2024-01-02 07:13:03.496
150,StormHaven CrystalTide AbyssMist MoneyMagic CrimsonWings CelestialGaze CrimsonSky Emberfang AshenGale Shadowfire SilentWhisp VerdantGaze SilverFury,2024-01-02 07:14:01.134
151,https://ds4vggi6uzqae.cloudfront.net/saas/chat/SjOUvYQAe8fySMWcNCu8U2hVfMQZkpjp.png,2024-01-02 07:52:35.923
152,アンケートを提出しました。,2024-01-02 07:53:03.938
153,https://ds4vggi6uzqae.cloudfront.net/saas/chat/HWq9WZzJDfysiGDNlCflqORtuVniTm0x.jpg,2024-01-02 10:59:03.327
154,https://ds4vggi6uzqae.cloudfront.net/saas/chat/tFQgpisbeLd2CGNbGGxQgFnXqcQDCp7L.jpg,2024-01-02 10:59:14.407
155,ギフトコードはどこで入力できますか？,2024-01-02 13:37:50.154
156,報酬が来ません,2024-01-02 21:58:30.789
157,Shadowfire,2024-01-03 01:15:45.934
158,ペットの装備方法が分かりません、教えて下さい,2024-01-03 01:31:31.150
159,iOSからアンドロイドへの機種変更の方法があれば教えてください,2024-01-03 02:10:34.558
160,報酬が来ません,2024-01-03 04:07:00.920
161,今回分の征服シーズン3000円購入しましたが、Sピース80個送られてきただけでパスがありません。前回分も買っています,2024-01-03 04:09:48.365
162,今回分の征服シーズン3000円購入しましたが、Sピース80個送られてきただけでパスがありません。前回分も買っています,2024-01-03 06:17:14.345
163,注文書とは領収書ですか？,2024-01-03 06:30:42.743
164,https://ds4vggi6uzqae.cloudfront.net/saas/chat/018tkA13mwLWsJuoob6O9OYWZqIfJsxo.png,2024-01-03 06:31:38.603
165,https://ds4vggi6uzqae.cloudfront.net/saas/chat/e7Pwh9OIlFWiFhUS7sCSz08GwtSTM0Vb.jpeg,2024-01-03 06:34:28.286
166,https://ds4vggi6uzqae.cloudfront.net/saas/chat/8wiaenB3rnqMmPxTQv984HdO8vGall86.jpeg,2024-01-03 06:39:41.460
167,https://ds4vggi6uzqae.cloudfront.net/saas/chat/FsYQsbw5hlOFNFnsJCQRSmJbbnCpm6Kk.png,2024-01-03 06:41:39.816
168,すいません、アビスの進化のやり方が分かりません、エピック×4と1×の1が何か分かりません、教えてください,2024-01-03 06:47:41.283
169,https://ds4vggi6uzqae.cloudfront.net/saas/chat/8GRMNQLxomNeHSMuB5uJkC7EyKMRefY1.png,2024-01-03 07:04:00.112
170,シリアルコードが入力できない,2024-01-03 08:52:12.101
171,CrystalTide,2024-01-03 08:53:13.932
172,アカウントを削除したい,2024-01-03 09:48:59.268
173,cfd4743b-dd61-49dc-a8f3-74db0567b1d8,2024-01-03 09:50:05.244
174,アカウントを削除したい,2024-01-03 09:50:30.768
175,シリアルコードが入力出来ません,2024-01-03 10:38:34.584
176,SereneEcho,2024-01-03 10:40:54.216
177,SilentWhisp,2024-01-03 10:42:55.876
178,Emberfang,2024-01-03 10:43:13.124
179,CrimsonSky,2024-01-03 10:43:29.872
180,SilverFury,2024-01-03 10:43:40.151
181,Shadowfire,2024-01-03 10:43:54.525
182,StormHaven,2024-01-03 10:44:44.995
183,CrystalTide,2024-01-03 10:45:03.028
184,AbyssMist,2024-01-03 10:45:15.369
185,MoneyMagic,2024-01-03 10:45:31.046
186,CrimsonWings,2024-01-03 10:45:51.712
187,AshenGale,2024-01-03 10:46:08.261
188,ぜんぜん更新されません。,2024-01-04 00:45:08.995
189,データをやり直したいです,2024-01-04 02:52:56.600
190,端末を乗り換えたためアカウントを再度連携し引き継ごうとしたところ添付の画像の通りとなりました。不具合でしょうか？,2024-01-04 04:57:23.502
191,https://ds4vggi6uzqae.cloudfront.net/saas/chat/tpsZpBGKiwbrK0MXe5mntlBv6aQ8I2zS.jpg,2024-01-04 04:57:31.351
192,無事引き継ぎできました　ありがとうございます,2024-01-04 06:01:08.570
193,https://ds4vggi6uzqae.cloudfront.net/saas/chat/v6NchV9mstAnJUmKdJQadWXOcFJLwfQS.jpg,2024-01-04 06:26:58.732
194,一周しましたが出ませんでした。,2024-01-04 06:27:12.385
195,購入したアイテムが付与されない,2024-01-04 10:47:00.342
196,https://ds4vggi6uzqae.cloudfront.net/saas/chat/iJbEt2HudmmwdwAfTcAU7uiunem58EEA.png,2024-01-04 10:55:10.573
197,1月4日購入の新春パック(￥7800)になります。ご確認お願いします,2024-01-04 11:05:21.214
198,https://ds4vggi6uzqae.cloudfront.net/saas/chat/I5mNFwqsNKw3JynJ0zZKQWhcJShBtKsc.png,2024-01-05 02:58:16.365
199,↑上記スクリーンショットの1/4の分になります,2024-01-05 02:59:21.670
200,訂正:¥7800ではなく¥7300の間違いでした,2024-01-05 03:00:50.391
201,状況としては、決済後にアプリがシャットダウンしたため、アプリを再起動しました。,2024-01-05 03:03:27.060
202,データを消したい,2024-01-05 03:12:00.165
203,消し方がわからない,2024-01-05 03:12:07.838
204,Googleのウォレットに残ってた金額が0になっているので、Google側で払い戻しできないか確認してみます,2024-01-05 03:13:32.872
205,ご対応ありがとうございました,2024-01-05 03:14:05.375
206,普通に消したいだけです,2024-01-05 03:41:19.038
207,メール確認しましたが、アイテムが一部違っていました,2024-01-05 03:43:16.373
208,https://ds4vggi6uzqae.cloudfront.net/saas/chat/QAdsUBWCM18asip5KftrjyKefWR0JHMh.png,2024-01-05 03:43:29.822
209,ガチャチケットではなく、キャラクターの欠片になってました,2024-01-05 03:44:16.855
210,以上、確認お願いします,2024-01-05 03:44:27.547
211,シリアルコードは何処から入れるのですか？,2024-01-05 04:18:30.005
212,画像参照。単発でしかガチャを引いていないのですが、これ3回目にはSかAどちらが出るのでしょうか？,2024-01-05 05:46:29.729
213,https://ds4vggi6uzqae.cloudfront.net/saas/chat/DH1i5fsR2ufbgWbgDfy6sgN204nafLLH.png,2024-01-05 05:47:03.535
214,https://ds4vggi6uzqae.cloudfront.net/saas/chat/nBLrIfOLD9VsHFFCCLWt9uQkHYCWPxtf.png,2024-01-05 05:56:52.461
215,あと定期的にこの+5%の強化が反映されません。修正お願いします。,2024-01-05 05:57:09.466
216,画像①↓ JST 2024/01/05/14:54,2024-01-05 06:00:25.735
217,https://ds4vggi6uzqae.cloudfront.net/saas/chat/spH1hxAPCZ7MfPxjunqdQukQfpJsA07M.png,2024-01-05 06:00:57.692
218,https://ds4vggi6uzqae.cloudfront.net/saas/chat/c2auNEmQXuE3N3p2iW00TP8RLOpjjoXM.png,2024-01-05 06:02:11.835
219,装備アイテムの素材が分かりにくいです。,2024-01-05 08:18:47.765
220,レジェンドからアビスに昇格の際に必要な素材が分かりません。,2024-01-05 08:19:28.116
221,ガシャクーポンの確認取れました。間違えて送られてきた千春の欠片については、どうしたらよろしいでしょうか？確認お願いいたします,2024-01-05 08:22:52.852
222,ありがとうございます！,2024-01-05 08:28:14.155
223,違います。攻撃値も体力値もアプリを再起動すると数値が減っている時があるのです。,2024-01-05 08:38:43.052
224,ガチャの件も違います。同じ回数（３回目）でSとAが確定で出ると表記されていので、３回目はどちらが当たるのかという質問です。日本語じゃ難しいなら修正は諦めます。,2024-01-05 08:41:35.037
225,ガチャの件解答ありがとうございます。引き続き攻撃値と体力値の変動の原因よろしくお願いします。,2024-01-05 09:13:29.798
226,千春の欠片が入ったメールは開封しないでおきますので、対応お願いします,2024-01-05 09:49:39.900
227,広告動画を見るとアプリが落ちます,2024-01-05 12:38:10.230
228,何度も報酬とろうとしたらとまります何とかしてください,2024-01-05 12:38:34.274
229,購入履歴の詳細を教えて下さい,2024-01-05 12:38:47.801
230,すみません、購入履歴に覚えの無い記録があり、どうしたらいいか困っています。,2024-01-05 13:53:20.831
231,シリアルコード,2024-01-05 14:55:49.922
232,新春祭りの新春クエストで、ストア4回利用した際のポイントがもらえない。,2024-01-05 15:30:14.418
233,以前使用していたデータがなぜか消えていたので、ちょっとした課金分を復元したいのですがどうやったらできますか？,2024-01-06 01:23:47.601
234,あとジェム？課金石を使いたくないのに、誤った形で装備ガチャに触れてそのまま引かれてしまうと言うのも無くしてほしいです,2024-01-06 01:25:06.071
235,引継ぎのしかたがわからない,2024-01-06 04:28:27.419
236,https://ds4vggi6uzqae.cloudfront.net/saas/chat/r0SsOkqH8Ba8z0y4v2VEmdV6gfzaz0iE.png,2024-01-06 06:01:57.619
237,↑こちらのメールのアイテムは一度受け取った方がよろしいですか？,2024-01-06 06:02:36.792
238,武器ガチャ回したけれど装備に反映されていません,2024-01-06 13:15:51.386
239,先日、新しいコードを送りました。よろしくお願いいたします。,2024-01-06 18:35:45.574
240,報酬受け取りました,2024-01-07 07:21:41.894
241,ギフトコードの入力先,2024-01-07 07:42:01.782
242,教えてください,2024-01-07 07:42:16.070
243,シリアルコードの場所が分かりません,2024-01-07 07:52:35.831
244,7日間チャレンジの特殊物資がクリア出来ません。一体どういう事ですか？,2024-01-07 11:36:32.582
245,https://ds4vggi6uzqae.cloudfront.net/saas/chat/vv8Z55T27fWnzzSOBxCDaQuZyZTkqdxr.png,2024-01-07 11:37:49.550
246,https://ds4vggi6uzqae.cloudfront.net/saas/chat/QTNHt6i4kxHPJIla0fFJbEiab0rOmkII.png,2024-01-07 11:38:11.029
247,https://ds4vggi6uzqae.cloudfront.net/saas/chat/SsvracuPyHoxE96U3kpxiJR874eDcaNc.png,2024-01-07 11:38:28.923
248,https://ds4vggi6uzqae.cloudfront.net/saas/chat/sJ1oGEsYim1fHSioubt6fFZwJ2k2Qd36.png,2024-01-07 11:38:37.259
249,https://ds4vggi6uzqae.cloudfront.net/saas/chat/S6dQTb48MIS6oD33IXghxW6xvmTyzkvX.png,2024-01-07 11:38:43.321
250,シリアルの入力場所がわからない,2024-01-07 15:44:37.192
251,シリアルコード入力画面が出ないです,2024-01-07 17:16:46.612
252,シリアルコードの入力場所が分かりません,2024-01-07 20:14:52.590
253,シリアルコードの入力場所が分かりません,2024-01-07 20:15:14.424
254,月間パスの召募チケット(1日5回分)がどこで入手可能なのか分かりにくいです。どこで貰えますか？,2024-01-07 21:54:44.833
255,デイリーチャレンジにはどこから行けばいいのでしょうか？,2024-01-07 22:06:58.621
256,SereneEcho,2024-01-08 02:18:38.696
257,シリアルコードの入力方法,2024-01-08 03:17:38.566
258,を教えてください。,2024-01-08 03:17:52.776
259,2748ecde-ace4-422e-9ba5-beb6fff0231d,2024-01-08 05:24:27.346
260,メールで問い合わせしてました件、プレイヤーレベルが上がりません。,2024-01-08 05:25:22.958
261,勝手に左下にジョイスティックが固定されて死にました,2024-01-08 09:50:04.750
262,データ削除お願いします,2024-01-08 16:01:43.577
263,機種変更後の引き継ぎ,2024-01-09 07:51:41.062
264,SereneEcho,2024-01-09 13:21:10.193
265,設定にシリアルコード入力がありません,2024-01-09 14:00:06.885
266,iPhoneです,2024-01-09 14:00:14.609
267,装備をレジェンドからアビスに進級させるのはどうすればいいですか？,2024-01-09 15:39:24.510
268,第1章パックが100円と表記されていたので、PayPayで課金した所、6000円支払われたのですがなぜですか？,2024-01-09 17:22:01.802
269,こんにちは。こちら、こちら側の確認不足と勘違いでした。大変申し訳ございませんでした。,2024-01-10 02:24:53.078
270,端末を替えたい,2024-01-10 03:36:23.124
271,シリアルコードについて,2024-01-10 23:25:19.540
272,シリアルコードの入れ方,2024-01-11 03:32:19.720
273,MistralDance,2024-01-11 03:33:03.367
274,SereneEcho,2024-01-11 03:34:28.442
275,シリアルコードこんな感じで打てばいいですか？,2024-01-11 03:34:43.062
276,昨日召募特典の3000円を購入したのですが、本日特典受け取りができません(3000円のところの表示がなくなっている)、1500円と7000円の表示はされています。アプリゲーム内において未確認の情報がある場合赤い丸の印がつくと思うのですが、その赤い丸が付いていて解消できない状態です。返金か、残りの2日分の特典を付与対応をお願いできますでしょうか。また、補足情報として、appの購入履歴を確認すると、保留中と表示されていました。もしかすると支払いがうまくいっていない恐れがあります。,2024-01-11 03:35:00.466
277,https://ds4vggi6uzqae.cloudfront.net/saas/chat/cC79FvziRODwLSVocSqc5inujSjJF8Gu.png,2024-01-11 03:52:24.175
278,ギフトパッケージの名前がわからないのですが、アプリゲーム内の、召募タブの召募特典3000円のものです。,2024-01-11 03:54:12.741
279,おそらくsuper_recruit_cardだと思います。,2024-01-11 03:55:26.829
280,シリアルコードがない,2024-01-11 05:44:49.443
281,購入処理中と書かれているので、その通りだと思いますが、今後このまま引き落としされませんか？画面には購入処理中と記載があるので、処理が完了すれば引き落としされると思います。引き落としされた場合はゲーム内のアイテムは受け取りすることができますか？,2024-01-11 07:08:31.774
282,ありがとうございます。きちんとアイテムが支給されれば返金の必要はありません。宜しくお願いします。,2024-01-11 07:39:43.496
283,図鑑の新規アイテム、敵キャラ解除時にトータルの数が増えない不具合がある,2024-01-11 08:41:55.759
284,シリアルコード,2024-01-11 08:56:42.625
285,シリアルコードはどこで入力できますか？,2024-01-11 08:57:05.076
286,シリアルコードの入力するとこってどこですか？,2024-01-11 12:15:42.432
287,機種変更時の移行方法,2024-01-11 13:01:39.349
288,ゲームデータ消去で問題ないのでアカウントの削除をお願いします,2024-01-11 16:35:20.735
289,IOSでのデータ引き継ぎ方法を教えてください。,2024-01-12 01:01:27.678
290,携帯を変えた場合、IOS ではデータは移行できないとゆう事でしょうか？,2024-01-12 02:22:10.066
291,広告を見ると落ちます,2024-01-12 03:09:43.858
292,ご回答ありがとうございます。現在IOSで遊ばせて頂いていて、次の携帯もIOSなのですが、IOS同士でも引き継ぎは不可能とゆう認識であっていますでしょうか？また、今後IOS間で引き継げるようになるのでしょうか？,2024-01-12 03:12:30.193
293,ありがとうございます。IOSから、Android携帯への乗り換えのみ現状できないとゆう事と理解しましたが、それでよろしいでしょうか？,2024-01-12 03:40:59.515
294,月というキャラクターはどこで手に入れることができますか？,2024-01-12 04:12:23.574
295,https://ds4vggi6uzqae.cloudfront.net/saas/chat/DZiHB7O3lxwAwlDYaog7vAyXTwBjZDtX.jpg,2024-01-12 04:13:39.462
296,こちらの画像のキャラクターです。,2024-01-12 04:13:49.962
297,ありがとうございます！,2024-01-12 06:42:49.781
298,ちなみにアクティビティとは,2024-01-12 06:43:00.732
299,どの項目を指しています？,2024-01-12 06:43:10.210
300,分かりました！詳細をありがとうございます！またよろしくお願いします！,2024-01-12 07:19:11.257
301,シリアルコード入力できない,2024-01-12 09:02:22.226
302,シリアルコード入手場所,2024-01-12 10:52:00.649
303,シリアルコード打ち方,2024-01-12 10:52:14.518
304,教えてほしい,2024-01-12 10:52:30.587
305,シリアルコード打てない,2024-01-12 11:05:39.184
306,こんにちわ。キャラの武器を参照しる動画を再生しようとするとアプリが落ちてしまいます。ご対応よろしくおねがいいたします。,2024-01-12 11:36:39.998
307,CrystalTide,2024-01-12 13:48:56.536
308,キャラクタースキルの究極武器を再生するとアプリが落ちる不具合があると思います。確認お願いします,2024-01-12 14:11:13.022
309,シリアルコード打っておきます,2024-01-12 15:16:35.673
310,StormHaven,2024-01-12 15:17:16.879
311,CrystalTide,2024-01-12 15:17:35.402
312,AbyssMist,2024-01-12 15:17:51.603
313,MoneyMagic,2024-01-12 15:18:03.774
314,CrimsonWings,2024-01-12 15:18:17.107
315,AshenGale,2024-01-12 15:18:34.731
316,Shadowfire,2024-01-12 15:18:47.788
317,SilentWhisp,2024-01-12 15:19:08.432
318,VerdantGaze,2024-01-12 15:19:24.193
319,Emberfang,2024-01-12 15:19:38.970
320,CrimsonSky,2024-01-12 15:19:56.074
321,SilverFury,2024-01-12 15:20:09.607
322,CelestialGaze,2024-01-12 15:20:23.925
323,お願いします,2024-01-12 15:20:28.085
324,面白いと思うがスタミナの回復が遅くデイリーとパトロールで無くなり進められない。スタミナ回復スピードの緩和をして欲しい,2024-01-12 15:38:43.058
325,広告を見るとクラッシュして報酬貰えない,2024-01-12 16:41:15.262
326,ios何でシリアルコードはこちらでいいのでしょうか？,2024-01-12 22:58:02.845
327,ebf83f4a-c674-4051-872c-2376ba144764,2024-01-12 22:58:18.835
328,MistralDance,2024-01-12 22:58:52.115
329,ゲームの進捗をリセットして、最初からやり直したいです。方法について教えてください。,2024-01-13 01:15:33.945
330,広告スキップがいつかえなくなった,2024-01-13 07:01:27.439
331,アカウントの引き継ぎをお願いしたいです。,2024-01-13 09:31:00.163
332,50f7c88d-dbd2-44b8-919b-0c4e94c8ad4e,2024-01-13 09:31:10.243
333,h86177212@gmail.com      パスワード／ A123321a,2024-01-13 09:32:07.044
334,そもそもバトル画面からバトルに入れないですが、どうすれば？,2024-01-13 11:23:33.010
335,まだ消えてません早く削除お願いします,2024-01-13 17:07:40.343
336,シリアルコード,2024-01-13 17:51:40.929
337,シリアルコード入力どこにもないです,2024-01-13 22:39:58.287
338,シリアルコード,2024-01-14 00:41:50.359
339,シリアルコードどこで使用しますか？,2024-01-14 09:30:05.097
340,IOSからAndroidへのデータ移行ですが、いつ頃から可能になりますか？次携帯がAndroidになり、課金もさせて頂いているので引き継ぎたいです。,2024-01-14 09:57:30.244
341,引き継ぎ方法が分かりません。,2024-01-14 12:18:34.337
342,シリアルコードの入力ができません,2024-01-14 14:07:39.911
343,イベント中の星の召喚にて、40回召喚を行ったがカーシャが出なかった。必ずカーシャが出ると記載があるが勘違いなのでしょうか。,2024-01-14 17:49:44.757
344,カーシャのレベルが10を突破したのに反映されません,2024-01-14 19:55:45.264
345,シリアルコード  入力ボタンがないのは何故でしょうか？,2024-01-15 02:10:03.199
346,アカウント削除したい,2024-01-15 02:54:50.599
347,1からやり直したいです,2024-01-15 02:55:12.854
348,データの消し方おしえて,2024-01-15 06:31:17.035
349,あ,2024-01-15 06:31:37.976
350,い,2024-01-15 06:31:44.612
351,う,2024-01-15 06:31:50.127
352,え,2024-01-15 06:31:55.812
353,おい,2024-01-15 06:32:04.168
354,今のアカウントはシリアルコードを入力出来る画面がない、ガチャ天井でお目当てやなく最初からやりたい！ゲームは最高なのにやりたくてもやれない,2024-01-15 06:56:03.063
355,このアカウントを削除したいです,2024-01-15 07:33:53.185
356,dd68ad82-1af4-4502-9fc1-afe788c3ccc8,2024-01-15 07:36:08.460
357,ヒーローをレベリングすると開放される、武器解除効果とは何を指していますか？,2024-01-15 07:49:29.699
358,シリアルコードの入力場所,2024-01-15 08:02:08.833
359,はどこですか？,2024-01-15 08:02:25.413
360,初期化方法を教えて,2024-01-15 09:18:57.891
361,リセマラはできるのでしょうか？,2024-01-15 09:26:27.062
362,このアカウントを永久的に削除できますか？,2024-01-15 09:29:51.066
363,アカウントの削除方法を教えて下さい,2024-01-15 09:32:57.493
364,リセマラはできないということですね？,2024-01-15 09:38:21.763
365,このアカウントをgame centerの連携を解除することはできますか？,2024-01-15 09:48:50.317
366,イベントが終了してお見せできないのですが、私の召喚履歴を見ることはできませんか？,2024-01-15 09:52:50.313
367,月間パスの解約の仕方教えてください,2024-01-15 12:57:23.868
368,https://ds4vggi6uzqae.cloudfront.net/saas/chat/ArEmC2KkmtkPMpURS20ikSbrGBEhf5Gd.png,2024-01-15 14:15:37.931
369,どのヒーローでも共通のようです。レベル10の所に書いてある武器解除効果の事です。,2024-01-15 14:16:45.216
370,ごめんなさい理解しました。レベル10になったら下に書いてある武器効果が解除されるということですね。すみませんありがとうございます。,2024-01-15 14:22:49.848
371,NGtyElgjdH IOSからAndroidへのデータ移行ですが、いつ頃から可能になりますか？次携帯がAndroidになり、課金もさせて頂いているので引き継ぎたいです。,2024-01-16 03:32:45.484
372,消さない　ということですか？,2024-01-16 03:53:50.610
373,このアカウントとgame center（iPhone）の連携を解除することはできますか？,2024-01-16 04:40:58.141
374,引き継ぎが不可能のままとゆう事しょうか？,2024-01-16 05:51:34.917
375,終末先方隊のゲームには累計広告視聴報酬のシステムがありますが、永久広告非表示を購入した場合は累計広告視聴報酬は貰えなくなるのでしょうか？,2024-01-16 06:14:03.801
376,😥,2024-01-16 06:17:31.397
377,😪,2024-01-16 06:19:31.253
378,https://ds4vggi6uzqae.cloudfront.net/saas/chat/tN9bNTJnkZAtA1RZZlqgUcjYnzVwysXW.png,2024-01-16 17:08:14.979
379,アプリのアンインストールについて,2024-01-17 04:18:09.582
380,アンインストールするためにはアカウント削除しなきゃいけませんか,2024-01-17 04:19:54.951
381,ペットが出陣しない,2024-01-17 05:12:04.474
382,ペット戦場が出来ない,2024-01-17 06:06:32.928
383,ペットの出陣方法がわからない,2024-01-17 06:11:42.194
384,出来ましたありがとうございました,2024-01-17 06:16:43.103
385,品質降級をすると鬼武者装備が旅行者装備に変化するようです,2024-01-17 06:54:44.870
386,また旅行者装備を品質降級すると鬼武者装備に変化ます,2024-01-17 06:55:57.335
387,広告スキップ買ってるはずなのに急に使えなくなった　　使えるように早く戻してほしい,2024-01-17 09:51:03.897
388,アカウントの連携を解除したいんですがどうしたらいいですか,2024-01-17 10:17:00.708
389,エピック装備、鬼武者のニーパッドを合成して+1にしたものを品質降級すると,2024-01-17 10:27:14.201
390,鬼武者のニーパッドではなく旅行者のショートパンツと合成の材料が手に入ります,2024-01-17 10:28:53.132
391,問題は分解した時に起こります,2024-01-17 10:35:51.880
392,https://ds4vggi6uzqae.cloudfront.net/saas/chat/l7l68TO74B4Kx90jsjrkRAyOJzR2kMUA.mp4,2024-01-17 10:52:58.023
393,いつもお世話になります。不具合のご報告で連絡させていただきました。アリスの熟練度をマスターにした際もらえるカケラを受け取りした際反映されませんでした。　ご対応よろしくお願い致します,2024-01-17 11:44:54.707
394,データーが消えました,2024-01-17 11:47:26.867
395,セーブデータを削除して新しいゲームを始めたいです,2024-01-17 12:32:34.376
396,シリアルコードはどこに入力できるか,2024-01-17 13:28:06.851
397,同じ戦闘を何度繰り返しても最後にボスを倒した段階でネットワークエラー表示がされ、何度も同じことが続きました。ついに諦めて退出するとエネルギーだけ戻されていました。何度も最後までプレイを試みた意味がありませんでした。因みにネットワークについてはWi-Fiをオフにしたり回線を変えたりしましたが全く効果はありませんでした。バグなのでしょうか？,2024-01-17 15:15:52.016
398,iPhoneではシリアルコード打てないのでここに打てば対応してくれるとのことなんでよろしくおねがいします。 CelestialGaze SilverFury CrimsonSky Emberfang VerdantGaze SilentWhisp Shadowfire AshenGale CrimsonWings MoneyMagic AbyssMist CrystalTide StormHaven MistralDance Thunderbolt,2024-01-18 00:35:02.586
399,Shadowfire 源石200 SilentWhisp 源石1000 VerdantGaze ゴールド6666 Emberfang 金の鍵2 CrimsonSky 源石300 SilverFury 源石500 CelestialGaze スタミナ10 CrimsonWings ゴールド20000 MoneyMagic ゴールド6666、源石100 AbyssMist 召募カード1 CrystalTide 源石300,2024-01-18 01:33:46.226
400,MistralDance,2024-01-18 01:36:06.065
401,SereneEcho,2024-01-18 01:36:25.355
402,StormHaven,2024-01-18 01:36:48.131
403,コードです,2024-01-18 01:39:23.545
404,セーブデータを削除して新しいゲームを始めたいです,2024-01-18 02:58:57.609
405,https://ds4vggi6uzqae.cloudfront.net/saas/chat/sxTeLpsGNryfFlMvXIdza3FG0GYTQ6ZH.mp4,2024-01-18 03:05:34.593
406,https://ds4vggi6uzqae.cloudfront.net/saas/chat/1nY1VrpSNseZfxza0JKx6CcogDYqgti3.mp4,2024-01-18 03:13:42.827
407,鬼仮面と籠手は異常無いです,2024-01-18 03:17:18.349
408,マジカルパーティーにて、エピック報酬の悪魔の鍵がレジェンド報酬として何度も排出されたがどうなっているのでしょうか？,2024-01-18 06:41:52.396
409,取得時間は18日15時35分頃です。スクリーンショットは撮れてないですが3回出ました。,2024-01-18 06:57:15.660
410,ガチャ履歴が見れればスクリーンも送れます,2024-01-18 06:59:35.186
411,https://ds4vggi6uzqae.cloudfront.net/saas/chat/Rz3YeJgMTp0JbadFKrbYWZlP1E3Uv1MZ.png,2024-01-18 07:01:43.131
412,残り本数の9本が今回のガチャで出た物になります。,2024-01-18 07:09:42.798
413,よろしくお願いします。,2024-01-18 07:29:21.767
414,初期化されました,2024-01-18 07:32:46.241
415,戻らないなら辞めます,2024-01-18 07:33:43.710
416,データ異常で無いのなら良かったです。ご対応ありがとうございました。,2024-01-18 08:10:55.715
417,シリアルコード,2024-01-18 10:58:31.233
418,データを消去の仕方,2024-01-19 03:18:11.597
419,もう一度最初からするには？,2024-01-19 08:07:20.622
420,iPhoneではシリアルコード打てないのでここに打てば対応してくれるとのことなんでよろしくおねがいします。 CelestialGaze SilverFury CrimsonSky Emberfang VerdantGaze SilentWhisp Shadowfire AshenGale CrimsonWings MoneyMagic AbyssMist CrystalTide StormHaven MistralDance Thunderbolt,2024-01-19 08:54:31.454
421,CelestialGaze,2024-01-19 08:54:52.331
422,SilverFury,2024-01-19 08:55:00.796
423,SilverFury,2024-01-19 08:55:07.890
424,CrimsonSky,2024-01-19 08:55:25.240
425,Emberfang,2024-01-19 08:55:37.876
426,VerdantGaze,2024-01-19 08:55:48.844
427,VerdantGaze,2024-01-19 08:56:05.237
428,SilentWhisp,2024-01-19 08:56:18.083
429,Shadowfire,2024-01-19 08:56:26.923
430,AshenGale,2024-01-19 08:56:36.203
431,CrimsonWings,2024-01-19 08:56:44.067
432,MoneyMagic,2024-01-19 08:56:53.521
433,AbyssMist,2024-01-19 08:57:04.340
434,CrystalTide,2024-01-19 08:57:20.831
435,StormHaven,2024-01-19 08:57:29.877
436,MistralDance,2024-01-19 08:57:41.040
437,Thunderbolt,2024-01-19 08:57:50.221
438,コード,2024-01-19 08:58:17.593
439,シリアルコードの入力ができない,2024-01-20 02:47:43.511
440,データが消えた,2024-01-20 04:11:15.550
441,鬼武者の下駄レジェンドにエピックを3回合成し、4回目の合成を行った後、強化値が0になりました。素材にした装備は全て無くなっております。装備降品をした際に入手できる素材もありません。装備を戻すか素材を4個貰えませんか？ご確認とご対応お願いします。,2024-01-20 10:10:32.671
442,いいえ　　届いたあとスキップ機能を使用していたのにある日突然使えなくなりました。,2024-01-20 11:30:46.668
443,コードの入力場所がわからない,2024-01-20 15:13:42.569
444,1度最初からやりたいので、アカウント削除をお願いします,2024-01-20 16:24:16.663
445,1度最初からやりたいので、アカウント削除をお願いします,2024-01-20 16:25:52.635
446,StormHaven,2024-01-20 17:41:35.417
447,永久広告非表示を購入したが、不正なパラメータと出て反映されません,2024-01-20 17:54:32.224
448,IDは　9f1ae99b-9359-41d7-91cb-798551e1ef6e,2024-01-20 17:55:31.509
449,いつも楽しく遊んでいます！ 遺城秘宝を合計40回回しましたがレーナが出ませんでした。 お手数ですがご確認いただけますでしょうか？  playerID: 54298c11-7ac7-41ab-81d7-79939fd847d0,2024-01-21 00:52:30.654
450,データ引き継ぎやり方,2024-01-21 07:08:22.862
451,ギフトコード入力はどこからすればよいですか？,2024-01-21 13:19:54.570
452,以前より記憶の戦場の敵が強すぎて倒せないことがあります。ゲームバランスおかしくありませんか？,2024-01-21 13:57:55.816
453,携帯電話を機種変更したあとデータを引き継ぎしようとしましたが私の操作ミスかもしれませんが、はじめからになってしまいます、プレイヤー名IDは分かりますし課金の明細も提示できますが復元は難しいでしょうか?,2024-01-21 14:22:57.456
454,先々週よりゲーム中に音が消えます。,2024-01-22 05:24:44.559
